{
  "project_info": {
    "project_number": "29279805607",
    "firebase_url": "https://ar-ball-battle.firebaseio.com",
    "project_id": "ar-ball-battle",
    "storage_bucket": "ar-ball-battle.appspot.com"
  },
  "client": [
    {
      "client_info": {
        "mobilesdk_app_id": "1:29279805607:android:4c23ec00d9770203707b82",
        "android_client_info": {
          "package_name": "com.example.p2pballbattle"
        }
      },
      "oauth_client": [
        {
          "client_id": "29279805607-tec2v4ro4rbr2s5ov9p6ufp8t8mb0vpv.apps.googleusercontent.com",
          "client_type": 1,
          "android_info": {
            "package_name": "com.example.p2pballbattle",
            "certificate_hash": "ae2d5ab577102571006b00834f53d9f6005fee00"
          }
        },
        {
          "client_id": "29279805607-j3ij6hkq6tlniv7kac7sochot7nv8ui3.apps.googleusercontent.com",
          "client_type": 3
        }
      ],
      "api_key": [
        {
          "current_key": "AIzaSyCVSLVaLkspCX_8iFuVPATFpNFQh2r-eAc"
        }
      ],
      "services": {
        "appinvite_service": {
          "other_platform_oauth_client": [
            {
              "client_id": "29279805607-j3ij6hkq6tlniv7kac7sochot7nv8ui3.apps.googleusercontent.com",
              "client_type": 3
            }
          ]
        }
      }
    }
  ],
  "configuration_version": "1"
}